timestamp,batch_name,status,record_count,elapsed_sec,message
2026-04-01 09:00:00,daily_import,START,0,0.0,job started
2026-04-01 09:00:07,daily_import,SUCCESS,1618,7.0,job completed
2026-04-01 09:15:00,user_sync,START,0,0.0,job started
2026-04-01 09:15:04,user_sync,SUCCESS,385,4.0,job completed
2026-04-01 09:30:00,order_export,START,0,0.0,job started
2026-04-01 09:30:07,order_export,SUCCESS,1616,7.0,job completed
2026-04-02 09:00:00,daily_import,START,0,0.0,job started
2026-04-02 09:00:06,daily_import,SUCCESS,964,6.0,job completed
2026-04-02 09:15:00,user_sync,START,0,0.0,job started
2026-04-02 09:15:02,user_sync,SUCCESS,547,2.0,job completed
2026-04-02 09:30:00,order_export,START,0,0.0,job started
2026-04-02 09:30:03,order_export,SUCCESS,154,3.0,job completed
2026-04-03 09:00:00,daily_import,START,0,0.0,job started
2026-04-03 09:00:06,daily_import,SUCCESS,1430,6.0,job completed
2026-04-03 09:15:00,user_sync,START,0,0.0,job started
2026-04-03 09:15:07,user_sync,SUCCESS,551,7.0,job completed
2026-04-03 09:30:00,order_export,START,0,0.0,job started
2026-04-03 09:30:05,order_export,SUCCESS,1757,5.0,job completed
2026-04-04 09:00:00,daily_import,START,0,0.0,job started
2026-04-04 09:00:08,daily_import,SUCCESS,1750,8.0,job completed
2026-04-04 09:15:00,user_sync,START,0,0.0,job started
2026-04-04 09:15:03,user_sync,SUCCESS,796,3.0,job completed
2026-04-04 09:30:00,order_export,START,0,0.0,job started
2026-04-04 09:30:04,order_export,SUCCESS,1663,4.0,job completed
2026-04-05 09:00:00,daily_import,START,0,0.0,job started
2026-04-05 09:00:04,daily_import,SUCCESS,878,4.0,job completed
2026-04-05 09:15:00,user_sync,START,0,0.0,job started
2026-04-05 09:15:02,user_sync,SUCCESS,804,2.0,job completed
2026-04-05 09:30:00,order_export,START,0,0.0,job started
2026-04-05 09:30:06,order_export,SUCCESS,188,6.0,job completed
2026-04-06 09:00:00,daily_import,START,0,0.0,job started
2026-04-06 09:00:07,daily_import,SUCCESS,355,7.0,job completed
2026-04-06 09:15:00,user_sync,START,0,0.0,job started
2026-04-06 09:15:05,user_sync,SUCCESS,700,5.0,job completed
2026-04-06 09:30:00,order_export,START,0,0.0,job started
2026-04-06 09:30:08,order_export,SUCCESS,1913,8.0,job completed
2026-04-07 09:00:00,daily_import,START,0,0.0,job started
2026-04-07 09:00:08,daily_import,SUCCESS,493,8.0,job completed
2026-04-07 09:15:00,user_sync,START,0,0.0,job started
2026-04-07 09:15:07,user_sync,SUCCESS,1454,7.0,job completed
2026-04-07 09:30:00,order_export,START,0,0.0,job started
2026-04-07 09:30:03,order_export,SUCCESS,263,3.0,job completed
2026-04-08 09:00:00,daily_import,START,0,0.0,job started
2026-04-08 09:00:08,daily_import,SUCCESS,306,8.0,job completed
2026-04-08 09:15:00,user_sync,START,0,0.0,job started
2026-04-08 09:15:05,user_sync,SUCCESS,1401,5.0,job completed
2026-04-08 09:30:00,order_export,START,0,0.0,job started
2026-04-08 09:30:08,order_export,SUCCESS,858,8.0,job completed
2026-04-09 09:00:00,daily_import,START,0,0.0,job started
2026-04-09 09:00:04,daily_import,SUCCESS,646,4.0,job completed
2026-04-09 09:15:00,user_sync,START,0,0.0,job started
2026-04-09 09:15:07,user_sync,FAILED,0,7.0,file not found
2026-04-09 09:30:00,order_export,START,0,0.0,job started
2026-04-09 09:30:02,order_export,SUCCESS,450,2.0,job completed
2026-04-10 09:00:00,daily_import,START,0,0.0,job started
2026-04-10 09:00:06,daily_import,SUCCESS,434,6.0,job completed
2026-04-10 09:15:00,user_sync,START,0,0.0,job started
2026-04-10 09:15:05,user_sync,SUCCESS,1995,5.0,job completed
2026-04-10 09:30:00,order_export,START,0,0.0,job started
2026-04-10 09:30:07,order_export,SUCCESS,549,7.0,job completed
2026-04-11 09:00:00,daily_import,START,0,0.0,job started
2026-04-11 09:00:07,daily_import,SUCCESS,1673,7.0,job completed
2026-04-11 09:15:00,user_sync,START,0,0.0,job started
2026-04-11 09:15:08,user_sync,SUCCESS,1783,8.0,job completed
2026-04-11 09:30:00,order_export,START,0,0.0,job started
2026-04-11 09:30:02,order_export,FAILED,0,2.0,validation error
2026-04-12 09:00:00,daily_import,START,0,0.0,job started
2026-04-12 09:00:04,daily_import,SUCCESS,1970,4.0,job completed
2026-04-12 09:15:00,user_sync,START,0,0.0,job started
2026-04-12 09:15:06,user_sync,FAILED,0,6.0,validation error
2026-04-12 09:30:00,order_export,START,0,0.0,job started
2026-04-12 09:30:03,order_export,SUCCESS,910,3.0,job completed
2026-04-13 09:00:00,daily_import,START,0,0.0,job started
2026-04-13 09:00:07,daily_import,SUCCESS,642,7.0,job completed
2026-04-13 09:15:00,user_sync,START,0,0.0,job started
2026-04-13 09:15:03,user_sync,SUCCESS,1249,3.0,job completed
2026-04-13 09:30:00,order_export,START,0,0.0,job started
2026-04-13 09:30:06,order_export,SUCCESS,1297,6.0,job completed
2026-04-14 09:00:00,daily_import,START,0,0.0,job started
2026-04-14 09:00:05,daily_import,FAILED,0,5.0,validation error
2026-04-14 09:15:00,user_sync,START,0,0.0,job started
2026-04-14 09:15:04,user_sync,SUCCESS,383,4.0,job completed
2026-04-14 09:30:00,order_export,START,0,0.0,job started
2026-04-14 09:30:06,order_export,SUCCESS,1647,6.0,job completed
2026-04-15 09:00:00,daily_import,START,0,0.0,job started
2026-04-15 09:00:02,daily_import,FAILED,0,2.0,connection timeout
2026-04-15 09:15:00,user_sync,START,0,0.0,job started
2026-04-15 09:15:07,user_sync,SUCCESS,1493,7.0,job completed
2026-04-15 09:30:00,order_export,START,0,0.0,job started
2026-04-15 09:30:05,order_export,SUCCESS,888,5.0,job completed
2026-04-16 09:00:00,daily_import,START,0,0.0,job started
2026-04-16 09:00:05,daily_import,SUCCESS,1058,5.0,job completed
2026-04-16 09:15:00,user_sync,START,0,0.0,job started
2026-04-16 09:15:06,user_sync,SUCCESS,1233,6.0,job completed
2026-04-16 09:30:00,order_export,START,0,0.0,job started
2026-04-16 09:30:08,order_export,FAILED,0,8.0,file not found
2026-04-17 09:00:00,daily_import,START,0,0.0,job started
2026-04-17 09:00:07,daily_import,SUCCESS,1912,7.0,job completed
2026-04-17 09:15:00,user_sync,START,0,0.0,job started
2026-04-17 09:15:06,user_sync,SUCCESS,1674,6.0,job completed
2026-04-17 09:30:00,order_export,START,0,0.0,job started
2026-04-17 09:30:07,order_export,SUCCESS,701,7.0,job completed
2026-04-18 09:00:00,daily_import,START,0,0.0,job started
2026-04-18 09:00:05,daily_import,SUCCESS,106,5.0,job completed
2026-04-18 09:15:00,user_sync,START,0,0.0,job started
2026-04-18 09:15:07,user_sync,FAILED,0,7.0,validation error
2026-04-18 09:30:00,order_export,START,0,0.0,job started
2026-04-18 09:30:06,order_export,SUCCESS,1139,6.0,job completed
2026-04-19 09:00:00,daily_import,START,0,0.0,job started
2026-04-19 09:00:02,daily_import,FAILED,0,2.0,validation error
2026-04-19 09:15:00,user_sync,START,0,0.0,job started
2026-04-19 09:15:08,user_sync,SUCCESS,1347,8.0,job completed
2026-04-19 09:30:00,order_export,START,0,0.0,job started
2026-04-19 09:30:03,order_export,SUCCESS,1661,3.0,job completed
2026-04-20 09:00:00,daily_import,START,0,0.0,job started
2026-04-20 09:00:03,daily_import,SUCCESS,1694,3.0,job completed
2026-04-20 09:15:00,user_sync,START,0,0.0,job started
2026-04-20 09:15:06,user_sync,FAILED,0,6.0,file not found
2026-04-20 09:30:00,order_export,START,0,0.0,job started
2026-04-20 09:30:04,order_export,SUCCESS,329,4.0,job completed
2026-04-21 09:00:00,daily_import,START,0,0.0,job started
2026-04-21 09:00:04,daily_import,FAILED,0,4.0,validation error
2026-04-21 09:15:00,user_sync,START,0,0.0,job started
2026-04-21 09:15:03,user_sync,SUCCESS,1898,3.0,job completed
2026-04-21 09:30:00,order_export,START,0,0.0,job started
2026-04-21 09:30:06,order_export,FAILED,0,6.0,connection timeout
2026-04-22 09:00:00,daily_import,START,0,0.0,job started
2026-04-22 09:00:07,daily_import,SUCCESS,241,7.0,job completed
2026-04-22 09:15:00,user_sync,START,0,0.0,job started
2026-04-22 09:15:08,user_sync,SUCCESS,357,8.0,job completed
2026-04-22 09:30:00,order_export,START,0,0.0,job started
2026-04-22 09:30:03,order_export,SUCCESS,1225,3.0,job completed
2026-04-23 09:00:00,daily_import,START,0,0.0,job started
2026-04-23 09:00:03,daily_import,SUCCESS,1886,3.0,job completed
2026-04-23 09:15:00,user_sync,START,0,0.0,job started
2026-04-23 09:15:06,user_sync,SUCCESS,533,6.0,job completed
2026-04-23 09:30:00,order_export,START,0,0.0,job started
2026-04-23 09:30:06,order_export,SUCCESS,1512,6.0,job completed
2026-04-24 09:00:00,daily_import,START,0,0.0,job started
2026-04-24 09:00:03,daily_import,SUCCESS,917,3.0,job completed
2026-04-24 09:15:00,user_sync,START,0,0.0,job started
2026-04-24 09:15:07,user_sync,SUCCESS,997,7.0,job completed
2026-04-24 09:30:00,order_export,START,0,0.0,job started
2026-04-24 09:30:06,order_export,SUCCESS,607,6.0,job completed
2026-04-25 09:00:00,daily_import,START,0,0.0,job started
2026-04-25 09:00:03,daily_import,SUCCESS,143,3.0,job completed
2026-04-25 09:15:00,user_sync,START,0,0.0,job started
2026-04-25 09:15:06,user_sync,SUCCESS,1305,6.0,job completed
2026-04-25 09:30:00,order_export,START,0,0.0,job started
2026-04-25 09:30:03,order_export,SUCCESS,1549,3.0,job completed
2026-04-26 09:00:00,daily_import,START,0,0.0,job started
2026-04-26 09:00:07,daily_import,SUCCESS,238,7.0,job completed
2026-04-26 09:15:00,user_sync,START,0,0.0,job started
2026-04-26 09:15:02,user_sync,FAILED,0,2.0,connection timeout
2026-04-26 09:30:00,order_export,START,0,0.0,job started
2026-04-26 09:30:06,order_export,SUCCESS,1470,6.0,job completed
2026-04-27 09:00:00,daily_import,START,0,0.0,job started
2026-04-27 09:00:05,daily_import,SUCCESS,370,5.0,job completed
2026-04-27 09:15:00,user_sync,START,0,0.0,job started
2026-04-27 09:15:07,user_sync,FAILED,0,7.0,file not found
2026-04-27 09:30:00,order_export,START,0,0.0,job started
2026-04-27 09:30:06,order_export,SUCCESS,1706,6.0,job completed
2026-04-28 09:00:00,daily_import,START,0,0.0,job started
2026-04-28 09:00:05,daily_import,FAILED,0,5.0,connection timeout
2026-04-28 09:15:00,user_sync,START,0,0.0,job started
2026-04-28 09:15:02,user_sync,SUCCESS,982,2.0,job completed
2026-04-28 09:30:00,order_export,START,0,0.0,job started
2026-04-28 09:30:04,order_export,SUCCESS,1056,4.0,job completed
2026-04-29 09:00:00,daily_import,START,0,0.0,job started
2026-04-29 09:00:08,daily_import,SUCCESS,1479,8.0,job completed
2026-04-29 09:15:00,user_sync,START,0,0.0,job started
2026-04-29 09:15:07,user_sync,FAILED,0,7.0,connection timeout
2026-04-29 09:30:00,order_export,START,0,0.0,job started
2026-04-29 09:30:02,order_export,SUCCESS,794,2.0,job completed
2026-04-30 09:00:00,daily_import,START,0,0.0,job started
2026-04-30 09:00:08,daily_import,FAILED,0,8.0,connection timeout
2026-04-30 09:15:00,user_sync,START,0,0.0,job started
2026-04-30 09:15:03,user_sync,SUCCESS,1018,3.0,job completed
2026-04-30 09:30:00,order_export,START,0,0.0,job started
2026-04-30 09:30:03,order_export,SUCCESS,670,3.0,job completed
